-- phpMyAdmin SQL Dump
-- version 5.2.1
-- https://www.phpmyadmin.net/
--
-- Host: 127.0.0.1
-- Tempo de geração: 18/07/2023 às 18:04
-- Versão do servidor: 10.4.28-MariaDB
-- Versão do PHP: 8.0.28

SET SQL_MODE = "NO_AUTO_VALUE_ON_ZERO";
START TRANSACTION;
SET time_zone = "+00:00";


/*!40101 SET @OLD_CHARACTER_SET_CLIENT=@@CHARACTER_SET_CLIENT */;
/*!40101 SET @OLD_CHARACTER_SET_RESULTS=@@CHARACTER_SET_RESULTS */;
/*!40101 SET @OLD_COLLATION_CONNECTION=@@COLLATION_CONNECTION */;
/*!40101 SET NAMES utf8mb4 */;

--
-- Banco de dados: `siasb`
--

-- --------------------------------------------------------

--
-- Estrutura para tabela `tbchamados`
--

CREATE TABLE `tbchamados` (
  `IDChamado` int(11) NOT NULL,
  `assunto` varchar(50) NOT NULL,
  `descricao` varchar(300) NOT NULL,
  `dataAbertura` datetime NOT NULL,
  `status_chamado` int(11) DEFAULT NULL,
  `responsavel` int(11) DEFAULT NULL,
  `autor` int(11) DEFAULT NULL,
  `equipamento` int(11) DEFAULT NULL,
  `imagem` blob DEFAULT NULL,
  `categoria` varchar(11) NOT NULL
) ENGINE=InnoDB DEFAULT CHARSET=utf8mb4 COLLATE=utf8mb4_general_ci;

--
-- Despejando dados para a tabela `tbchamados`
--

INSERT INTO `tbchamados` (`IDChamado`, `assunto`, `descricao`, `dataAbertura`, `status_chamado`, `responsavel`, `autor`, `equipamento`, `imagem`, `categoria`) VALUES
(1, 'chamado teste', 'aqui entraria a descricao....', '2023-06-19 09:48:57', 1, 1, 2, 100, '', '0'),
(2, 'chamado teste 2', 'aqui entraria a outra descricao....', '2023-06-20 09:48:53', 1, 1, 2, 100, '', '0'),
(3, 'chamado teste 3', 'aqui entraria a outra descricao....', '2023-06-20 09:48:49', 1, 1, 2, 100, '', '0'),
(4, 'chamado teste 4', 'aqui entraria a outra descricao....', '2023-06-20 09:48:35', 1, 1, 2, 100, '', '0'),
(5, 'chamado teste 5', 'aqui entraria a outra descricao....', '2023-06-22 12:15:00', 1, 1, 2, 100, '', '0'),
(6, 'chamado teste 6', 'impressora com defeito...', '2023-06-23 10:33:00', 1, 1, 2, 105, '', '0'),
(7, 'teste', 'workbench', '2023-07-07 16:02:45', 1, NULL, 1, 105, '', 'hardware'),
(8, 'teste', 'teste', '2023-07-07 16:49:30', 1, NULL, 1, NULL, '', 'software'),
(9, 'teste 2 ', 'interfacesdssd', '2023-07-07 17:22:13', 1, NULL, 1, 100, '', 'hardware'),
(10, 'teste hora', 'interfacesdssd', '2023-07-07 17:48:20', 1, NULL, 1, 105, '', 'hardware'),
(11, 'teste hora mais um', 'interfacesdssd', '2023-07-07 17:50:07', 1, NULL, 1, 105, '', 'hardware'),
(12, 'teste hora mais um', 'asdas', '2023-07-07 17:51:08', 1, NULL, 1, NULL, '', 'software'),
(13, 'horario', 'asdasd', '2023-07-07 12:51:53', 1, NULL, 1, NULL, '', 'software'),
(14, 'Sistema bugado', 'o aplicativo X está com problema na execução', '2023-07-11 08:27:00', 1, NULL, 1, NULL, '', 'software'),
(15, 'Teste modal', 'teste modal', '2023-07-11 08:32:31', 1, NULL, 1, NULL, '', 'software'),
(16, 'Teste 2 modal ', 'aaabb', '2023-07-11 08:34:28', 1, NULL, 1, NULL, '', 'software'),
(17, 'asda', '', '2023-07-11 08:34:48', 1, NULL, 1, NULL, '', 'Escolha uma'),
(18, 'asda', 'asda', '2023-07-11 08:34:53', 1, NULL, 1, 100, '', 'hardware'),
(19, 'asda', 'asda', '2023-07-11 08:34:54', 1, NULL, 1, 100, '', 'hardware'),
(20, 'asda', 'asda', '2023-07-11 08:34:54', 1, NULL, 1, 100, '', 'hardware'),
(21, '', '', '2023-07-11 08:35:04', 1, NULL, 1, NULL, '', 'Escolha uma'),
(22, 'teste', 'asda', '2023-07-11 08:35:08', 1, NULL, 1, NULL, '', 'software'),
(23, 'teste', 'asda', '2023-07-11 08:35:08', 1, NULL, 1, NULL, '', 'software'),
(24, 'teste', 'asda', '2023-07-11 08:35:08', 1, NULL, 1, NULL, '', 'software'),
(25, '', '', '2023-07-11 08:55:14', 1, NULL, 1, NULL, '', 'Escolha uma'),
(26, '', '', '2023-07-11 08:55:15', 1, NULL, 1, NULL, '', 'Escolha uma'),
(27, '', '', '2023-07-11 08:56:41', 1, NULL, 1, NULL, '', 'Escolha uma'),
(28, 'Full Teste', 'no dark sarcasm in the classroom', '2023-07-11 09:51:58', 1, NULL, 1, 100, '', 'hardware'),
(29, 'Hey you', 'would you touch me?', '2023-07-11 10:20:33', 1, NULL, 1, 105, '', 'hardware');

-- --------------------------------------------------------

--
-- Estrutura para tabela `tbequipamentos`
--

CREATE TABLE `tbequipamentos` (
  `sti_ID` int(11) NOT NULL,
  `descricao` varchar(50) DEFAULT NULL,
  `ip` varchar(30) DEFAULT NULL,
  `tipo` int(11) DEFAULT NULL,
  `usuario` int(11) DEFAULT NULL,
  `setor` int(11) DEFAULT NULL,
  `secao` int(11) DEFAULT NULL
) ENGINE=InnoDB DEFAULT CHARSET=utf8mb4 COLLATE=utf8mb4_general_ci;

--
-- Despejando dados para a tabela `tbequipamentos`
--

INSERT INTO `tbequipamentos` (`sti_ID`, `descricao`, `ip`, `tipo`, `usuario`, `setor`, `secao`) VALUES
(100, 'eqpm. teste', NULL, 1, 2, 1, 1),
(105, 'Impressora teste', NULL, 1, 2, 1, 1);

-- --------------------------------------------------------

--
-- Estrutura para tabela `tbligacaochamados_log`
--

CREATE TABLE `tbligacaochamados_log` (
  `IDChamado` int(11) DEFAULT NULL,
  `CodChamado` int(11) DEFAULT NULL
) ENGINE=InnoDB DEFAULT CHARSET=utf8mb4 COLLATE=utf8mb4_general_ci;

--
-- Despejando dados para a tabela `tbligacaochamados_log`
--

INSERT INTO `tbligacaochamados_log` (`IDChamado`, `CodChamado`) VALUES
(1, 1),
(1, 1),
(6, 6);

-- --------------------------------------------------------

--
-- Estrutura para tabela `tblog_chamado`
--

CREATE TABLE `tblog_chamado` (
  `IDLog` int(11) NOT NULL,
  `mensagem` varchar(200) DEFAULT NULL,
  `dataAlteracao` datetime DEFAULT NULL,
  `responsavel` int(11) DEFAULT NULL,
  `status` int(11) DEFAULT NULL,
  `referencia` int(11) DEFAULT NULL
) ENGINE=InnoDB DEFAULT CHARSET=utf8mb4 COLLATE=utf8mb4_general_ci;

--
-- Despejando dados para a tabela `tblog_chamado`
--

INSERT INTO `tblog_chamado` (`IDLog`, `mensagem`, `dataAlteracao`, `responsavel`, `status`, `referencia`) VALUES
(2, 'resolvendo', '2023-06-22 12:15:00', 1, 1, 1),
(3, 'fechado', '2023-06-22 12:15:00', 1, 4, 1),
(4, 'resolvendo', '2023-06-23 10:36:00', 1, 1, 6),
(5, 'resolvido', '2023-06-23 10:45:00', 1, 4, 6);

-- --------------------------------------------------------

--
-- Estrutura para tabela `tbpessoa`
--

CREATE TABLE `tbpessoa` (
  `IDPessoa` int(11) NOT NULL,
  `nomeCompleto` varchar(100) DEFAULT NULL,
  `cpf` varchar(11) DEFAULT NULL,
  `matricula` varchar(45) DEFAULT NULL,
  `setor` int(11) DEFAULT NULL,
  `secao` int(11) DEFAULT NULL,
  `email` varchar(100) DEFAULT NULL,
  `gestor` bit(1) DEFAULT NULL
) ENGINE=InnoDB DEFAULT CHARSET=utf8mb4 COLLATE=utf8mb4_general_ci;

--
-- Despejando dados para a tabela `tbpessoa`
--

INSERT INTO `tbpessoa` (`IDPessoa`, `nomeCompleto`, `cpf`, `matricula`, `setor`, `secao`, `email`, `gestor`) VALUES
(1, 'root', '12345678900', '9999', 1, 1, 'root@test.com', b'1'),
(2, 'user', '12345678900', '9999', 1, 1, 'user@test.com', b'0'),
(3, 'Gabriel', '72828', '7272', 1, 1, 'teste@teste.com', b'1'),
(19, 'Lucas Eduardo', '6789245454', '7410', 1, 1, 'lucaseduberna@hotmail.com', b'0'),
(23, 'Lucas Gabriel', '78752314502', '741065', 1, 1, 'lucasedub@gmail.com', b'0'),
(24, 'Gabriel Lucas', '78945612332', '741065', 1, 1, 'gerenciama@gmail.com', b'0');

-- --------------------------------------------------------

--
-- Estrutura para tabela `tbsecao`
--

CREATE TABLE `tbsecao` (
  `IDSecao` int(11) NOT NULL,
  `descricao_secao` varchar(45) DEFAULT NULL,
  `gerente` int(11) DEFAULT NULL,
  `setor` int(11) DEFAULT NULL
) ENGINE=InnoDB DEFAULT CHARSET=utf8mb4 COLLATE=utf8mb4_general_ci;

--
-- Despejando dados para a tabela `tbsecao`
--

INSERT INTO `tbsecao` (`IDSecao`, `descricao_secao`, `gerente`, `setor`) VALUES
(1, 'T.I', 1, 1),
(2, 'Teste', 3, 2),
(3, 'Teste outro', 3, 2);

-- --------------------------------------------------------

--
-- Estrutura para tabela `tbsetor`
--

CREATE TABLE `tbsetor` (
  `IDSetor` int(11) NOT NULL,
  `descricao_setor` varchar(45) DEFAULT NULL,
  `gerente` int(11) DEFAULT NULL
) ENGINE=InnoDB DEFAULT CHARSET=utf8mb4 COLLATE=utf8mb4_general_ci;

--
-- Despejando dados para a tabela `tbsetor`
--

INSERT INTO `tbsetor` (`IDSetor`, `descricao_setor`, `gerente`) VALUES
(1, 'Tecnologia', 1),
(2, 'Teste', 3),
(3, 'Financeiro', 3);

-- --------------------------------------------------------

--
-- Estrutura para tabela `tbstatus_chamado`
--

CREATE TABLE `tbstatus_chamado` (
  `IDStatus` int(11) NOT NULL,
  `descricao` varchar(50) DEFAULT NULL
) ENGINE=InnoDB DEFAULT CHARSET=utf8mb4 COLLATE=utf8mb4_general_ci;

--
-- Despejando dados para a tabela `tbstatus_chamado`
--

INSERT INTO `tbstatus_chamado` (`IDStatus`, `descricao`) VALUES
(1, 'Aberto'),
(2, 'Andamento'),
(3, 'Pendente'),
(4, 'Fechado'),
(5, 'TODOS');

-- --------------------------------------------------------

--
-- Estrutura para tabela `tbtipo_equipamentos`
--

CREATE TABLE `tbtipo_equipamentos` (
  `IDTipo` int(11) NOT NULL,
  `descricao` varchar(45) DEFAULT NULL
) ENGINE=InnoDB DEFAULT CHARSET=utf8mb4 COLLATE=utf8mb4_general_ci;

--
-- Despejando dados para a tabela `tbtipo_equipamentos`
--

INSERT INTO `tbtipo_equipamentos` (`IDTipo`, `descricao`) VALUES
(1, 'teste');

-- --------------------------------------------------------

--
-- Estrutura para tabela `tbusuario`
--

CREATE TABLE `tbusuario` (
  `IDUsuario` int(11) NOT NULL,
  `nome` varchar(45) DEFAULT NULL,
  `senha` varchar(100) DEFAULT NULL,
  `administrador` bit(1) DEFAULT NULL,
  `icone` blob DEFAULT NULL,
  `habilitado` bit(1) NOT NULL
) ENGINE=InnoDB DEFAULT CHARSET=utf8mb4 COLLATE=utf8mb4_general_ci;

--
-- Despejando dados para a tabela `tbusuario`
--

INSERT INTO `tbusuario` (`IDUsuario`, `nome`, `senha`, `administrador`, `icone`, `habilitado`) VALUES
(1, 'ROOT', '$2y$10$/pNsHqqDk044i4MTgjvMdeGbDpn3LX/LnwRsGoDXZnYoOCYtCvjw.', b'0', 0x89504e470d0a1a0a0000000d49484452000000e4000000dd08030000009cfc2eda00000087504c5445f6f6f6000000fefefefafafafbfbfbc3c3c3ffffff7878784141417d7d7df4f4f4464646eeeeee747474515151e8e8e8d9d9d9b0b0b0e1e1e1bdbdbd343434a0a0a0898989252525a6a6a6c7c7c7bebebe2e2e2e5c5c5c9a9a9ad1d1d19191916767671919196262625656561a1a1a8484843b3b3b3333334444441212120b0b0b222222acacaca21e812300000a2049444154789ced9d6997a2ba1686218958222538cfa0566997c3ffff7d17446604127674e75c9f4f67add3dd8bd74c3bd993a67df8f0e1c3870f1f3e7c680ea58c44304adffd393260d4196f7bbbcd60b0d975bd45c73103a9effe2a58d8f457cfd1ef0d4784fc8774926d5e62c87ae652f6ee8f83c22ad71830999a6a0f277dec316cfa5ca4cfcc22effe526128e91cbbde6d696b645d2952d73d4dd1496bb8838784cba946a3ae5fc7868273966ac75a651976967283c946f5a39763bf546c659225afc480a9522ac95044a3ae7f2b34638dea13a3828d32362df14435eafa405343a5d142a3aeff28219208cfd5909d02bb8fe89e933033deada10e267476641923df63e9a8bd465d1f215f971308917dd4228d1e84465ddf22de7ca80ba311f584657d289107b443c9c6501a757d89752819c8ae13f287742869074ea3ae77700e2519d47f7a73062887923a901a75ddc1389484f34da78e2ecaa1dcc38ad4cd770b2a42012cf32c2b7cf3157ab6a2bc58d63e92f3836e24a90dae5177b1a98434e92216d82ecf6c062fb2876d51920dbc4874460ffd072f72fd6e5179cc33bc4874e64085bf5c1c1bd7f62ae30441f708224724b28bc847e447a44222b5ff0b91528e1064bb2bfcbb4080f56e51396498757b6c160f037d8f0c3961bb6a916f78911b6cb7909a3848213c6c2309eb23081963db5c659c21c82e213e04d0a515b2c6b62465bcbb22f413c0bfa0dfb0ed3b9a844589eed9d5c7f80316896fdff117651756e3f9dd82ca2040313c11e88cba00728015f9836f73f545fec08a44e8b9f345ee6045a2f38404405b031e46916c012b728b71e3813679861845429b3cd89eea426023b2f0450cdc815d94283757e857749cb315f6316b87356f027228d13d9ec7c0c5b9604e323480f61edc493e04622ccf63c4e318c0ac45cb889efe42814c7566b44a49eb19f82506182d4c9fbd89765bcdd2c654c79e7197c0be44354e94d1d8e2bc5ca9235263dc951442b0e6f59422ba2ad166689522f63e89d62a2f47cc56c7e818a8820858b1439556e41dfe098b3731f429d4e28c65be588a4dd600c699e0ec2a744426f0d58e58a83759ef3c2b565706ee6b72154663f7c8b7a2e318d0d431ab5245a522cd4a4878caced590266339565c6393b22e43d53536c95957d108c8d24024b6f8647e9a8ce4bbbfb1350d44e2757b34a581c88ed287648051ffa6a5d87b4091061a553f276943135dc902b6218c384dcb491d1ca2e2c2a4848d7982ed0663aa580d6d5fa17bbc7048bcd35d6acae80c147a62995bfb9e123a29d1dcd95c4861c8a5bbb20ccc3d0b18313bdd7d0b850f0e431b676f06ca0c6b0817bb3c988e0c64139712e24cc1aa0f3e087a33a0d1e97f893b03cf61baf3db5d990826ae3f49c75d19653f62fc05fad68d88116b0c1c785ecae066b3f7e884dd686a752eac9787bef8c7e1f8750a1f3a6fd60bf721ca980b9cb2d4905de745fb2d25d654ce5eda84bd37927f2da3c4014ec9e266b394dbda881aa357eca6754cc61265324b42310121e663496b9392dbbbb5a53848698643cd579f1935b8f02e4d366a734b940278440c1b493550c5005609d357019c15a44a6aa29bab21906940d0e9ca60ace144b2d6cd5ca471849bb0dc4fa8af036ac2caa82704c601c85944e14b460352eac2a58c30cd0a3083ffac1f6db84e275228e477536698cbedeeebd183763ee82e5c5af74cc45af50293ce5f562425a36949eecde66657de4365545386241d3cc2d8eae9d76e561517347a7de527f363275f4a8795dbc77cf854a6f9aaaf1563107d3725cbda6799f5937b2852b335263a2899d5e8d1626397990fd0bd4e80b93dbeb95104c69db2503edc221fd50828e5785eeb151b79a216d90f1724b5b83236fb851c4dcc22af618025b5396f82937c60266691ce43e32fef5f5ce75422de5d3b249cab022f3393ec8c955317bb8ccbe5723e9ff7fbfdf57a9dcfe76b9f7febc964723a9dbe7cfefefa77063e3f3e833093849a424e8b4dd62c68630c7c8dd2d877ac103345f28bfafb64048b204f083f9309bee9e712515a5c995d460b144fa93688b7d95da6c792895f27e50779b6d8313265ab5b144c929ff4d9a69a53373504e2f5e8e4373d6d573626f53e44445b10cda37fa1b82e816074df4664aa479070e9ab38b6bc238b654b8770920c4f5762ff4254c55c465d6d20929a9ca2765df48cd6a6dc896c9262c06245f766a4dd6ff41292ba7154c4db73897e23e802beb0c4232974162595207bdfbbdde1b009082cce3cfd52becaf08dd8d364b25ecfe7d73390e7222e9a2f526738d53be1a9ed59052b27360c4dd3b29d25afb3eddf24ffdbc469c6224eada4cc6ebda1cd8de143882f966b25cc1c6a18ccd9662e9fd7e410d9eeb9554619f5d49d4eb73e5ec02ce178a757a09be53bcd2ec09ff9fea4efff9dd65c1fb5b1c3c7484ab48c7193583d44bb715fda1e7ffb75d7d14a66a9f7d6ccc35eba8a2c232ee702885a0ea238428e99eb90910a48ca7a7129b1b75c0e83c8c8e72b1c21857c4975237198e4abaa5042973c3792a87099f176b758be60536a767d156f4afe7072c48146d74919fd7d7838158490b81cdbf5890fd76d7a6e26be18e8740a3e664591f1e4ba94687c4cdb86b1d95125086abdd5235facc39d3afa9f88d4ee7904b726c65e5463e7bd8fb79da2ef23b9fe551500a0ccb06fb50992bfd14b354f05a2813b82ed875c6cc29e7a36a9a972e02f4fbb2e6b2236efca0e92f2db8de75ba8b03dca8b4dad5992865cadf1319e56e75875158b23198dfce81c5c6297d4eb5904eb183674a8d8af22898338377b50a4c47016cf07348eb33132676cdf316810d39e5fd9abfb5ef53006d7436708d128305f9322656bfe6b1c00ed4f5cd3f5ca77a253f2532507c939f2ddd35c7dbb281cf91eb2b8d318653ceed567e41b56a466155f576f4a7ca1db9fa28729b61ba915dd726666f2fb9151a27defc427ab137f1a44b1ea6cd8164b99d3fc75abfc11d59c612f571274997c79e09eda6c4759a39845f6f229f5e24e1d27deb3da3ff765fc91cc4e8d8458c30e5f28b19ce131395ef6f192a0e1ad3fbfd689759f3edf5afa7fa43c4300f1ef6b270ec8329c7dea7f14cf501ea506b1dcdbec1ee2565f3f9168abc5f2f99f82c864388e8247157f4d658b58b4ae93130c2ad12cdbaeffa3fe9fadfa49417252feba9e773c645f79f8f69daa2f84f06d3173b5b881f70c44d743c7373cc07b06222c7804ef55e9e32b92931139d9f4bcd6162ec2664889c8c1d0f637b5d6d3f71761a1b548e4c179445bb7f5b360ec4a128afc72933754b35506d919e1408622a7e91389093a884330f6630d440eb276af66b498b0281b5cfa22b745bb48dcac45dad4aa244e5edc0b81b22be21344bd106056eb4b20425e885fc50aae0a9d960eca5da7028168d0a56a1a05c2ff2a2ee878e1ec472ba144c12be0e9dcb11ea937574388bb6fa831fb5ea6160d73b514ecbc92869271fd9de45b4a5d9457c2b41abb60e3a85b2d3781581532770e9a82862d21e6b0d4f1d45f5427352b46e01afece5cc0fe7587efaaee270fca08b597c3ad379b79d3b16b37aa34a022f734a8c0fb019d52f4e1c307e9fc0fe496b42abeb5ae980000000049454e44ae426082, b'1'),
(2, 'USER', '$2y$10$paQoWB8INM2sOgv0rHVqB.vy0aD1uGibxNa.1dQK4wNrWkbAJhInq', b'1', 0x89504e470d0a1a0a0000000d4948445200000200000002000806000000f478d4fa0000000473424954080808087c086488000000097048597300008ea000008ea0016efc1c860000001974455874536f667477617265007777772e696e6b73636170652e6f72679bee3c1a0000200049444154789cecdd797854d5fd3ff0f7b933933d81240408bb2222fba6ac22a0b68ab8210ca80804546c6db5d556ed62e5a2adb5b5db4f5b5bf92a44704106715fab121411045904022eec5b088440f6cc72cfef0fb1b204924c66e67367e6fd7a9e3e0f24997bdfc524f73de79e7b8e0211d9dae83b1e4b6c5651d6522b2b4bfb759676e86c0d956d689d6d69642a0319d0480390028d342864004806907aec10cd0018c7fe9c0a20a1ce13695440c177ec6f3500aaa16141e1e8b18f1d055006a05c03650a28575047007dd4822a01f441870387ac000e1dec844305a6e90fc33f07118588920e4014cfc64e79383bc1e1ed6805544718e8a0b56e07a0b552c805d0fad8ffb2655306ed0814f643639f52d8ab81ddca52fb35f46ec3c01ecbc00ecfd3e661e99044f18a058028bc947b8ad95e2bd5451938575bba8b02ba00e804858e00d2a5030a3b0a856dd0d8ae35b64161bb82fadaa11c5b16ccbd7fb77438a258c60240141a6adc74f32ca5552f43eb1e1ae80de03c00e7e2dbe1786a2c8d0a005b34b0c550d8ac2db5d972eaf52fcd31b703d0d2f188a21d0b0051238dbee3b1c48cf223bd35ac0116d05f017da0d11d0a69d2d9e24439800dd058af0db5dea1f57aab3263bdc77377b57430a268c2024074066ef74287955cd8c36160283406680303a0d113804b3a1b9dc007858d5a63a501ac520e7c669575dfecf14c08480723b22b1600a2e3b8673cd20cde9a215018020b43a13008bc4f1f9dbe7daa61a50296c1c0329d84159e27cc0ae9584476c1024071edda3cb37902d4704beb51cac04868f4c1f78fcc512cd1f00358a714960158ea050a5ec9378f48c72292c2024071c5edfe5b3252cb4628854bb5c628007d0038a47391880080cf017ca80c7ca0cb333ee13c028a272c0014f3264e7ea89b765a976bad2f037011382b9fea56038d65ca506f6965bce599f3bb2fa5031185130b00c59cd1773c9698567e781434ae86c218001da4335154da068db7b4566fa9eaf4028e0e50ac6101a098e0bed9ccd201758982be0ac0d5f876f95ba250a986c607005ef75b78e5e5f966b17420a2a66201a0a83576b2d9d2e5c0751a70031801decba7c8f00158a28097fd7ed7ab8b9ffded7ee94044c16001a0a83276cac3d90ee51da30037142e039fc7275916804f01e5713a9d0b5e78eab707a4031135140b00d99efb76330d556a2ca06f027009f84e9fecc90785f715d48b2eaf7ef9b9e7cc32e9404467c20240b6649aa6b16917864263322cdcc8657629cad428e07540cd2feea4dfe6d6c864472c00642beee90f758515b819c01400ada4f31085c05e0d3cab14e679e69a85d26188bec30240e2ae9a61a624d662bc52b805c070e93c4461b4422b35bbd6a55f7c7db659251d86e21b0b00891937c5ec6d28fc080a37828fed517c39aa80e79461cc7e71ce03eba5c3507c6201a08872bbcd049d8aeb14703bf86e9f0800566a8d272a33b25e7cfbf13b6ba5c350fc6001a088b8ee16b39d23801f41e36600ada5f310d9d001283c19f0b9fec3b5052812580028acc64d37cf5701dcad14c683cfec13358417c0224b198fbd34f78195d2612876b10050c899a66914eec2c53a809f41e14ae93c4451ec73adf198aaeafe9cc73321201d86620b0b0085cce83b1e4b4cad28cd535aff024017e93c4431648b56f86b655ad67cce13a0506101a02673df6ea6e94a759b52fa6e006da4f310c5b02205f58f1a23e989d7e6dc572e1d86a21b0b00056dd22433c3e7523fd6d0f700c896ce431447ca34f0ef046fe29f9e7ffed7a5d261283ab10050a37dbbf52e7ea134eee412bd44a28e42e19f4e17fef1c26cf39074188a2e2c00d46037def8c74c6f42ed5d0af819800ce93c44748c4685021e77fa121fe5880035140b00d56bd22433a3d6a5ee52d03f07d05c3a0f119dd61105f5b71a23e91f9c2340f56101a0d372bbcd04a4200f0a0f821bf31045931205f56875827e9c7b0ed0e9b000d0294cd33436ee50e314f42300ce96ce434441db078d59a8eafe34d711a093b100d009c64f33af5416fe08859ed2598828643600b8d7936fbe231d84ec830580000013273fd4cd7204fe02e00ae92c4414361f180af7be38d75c231d84e4b100c4b9b1531ece7638bc0f288d9f007048e721a2b0d3009ec5b7230245d261480e0b409c1a7dc76389a965877fa6147e0b3ed247148f8e6aad1eca4a6cfdd8ecd9b7f9a4c350e4b100c4a10953668dd286fe2780eed2598848dcd75ae1ee4573cd37a4835064b100c411f714b3030cfc0dc038e92c4464330aaf050ce79d8b9fbe7fa774148a0c1680383063c693ae526fd1ed807e0840ba741e22b2ad6a05fcb93c3deb8fdc7530f6b100c4b809531f1ca695351b1cee27a286fb4a19f8c9c239e6fbd241287c580062947bc623cd94b7e64f1a9801fe7726a2c6d31a98eb077ef14abe79443a0c851e2f0c316842deacab34f4bf00b497ce424451af48013f5e986fbe221d84428b0520868c9d6cb6743af11f688c95ce42443127df07dcc5d180d8c102102326e4995768e02900b9d25988286671342086b00044b94993cc0c6f021e85c60ce92c44141f14e0f159093f7e79de6f4aa4b350f05800a2d884e9e6a5dac21cf05e3f11451e4703a21c0b401472bbff96ac53cb662ae01e0086741e228a5f1c0d885e2c005166629e39d8029e0170ae741622a263f62a4b4d5e386fe612e920d4702c005162c68c275d47bc4577eb6f57f37349e721223a89d60a8f67b9727fc9cd85a2030b40141897f7501743055e84463fe92c4444f5f828e0c4a4c54f997ba483d099f1feb1cd4dc833af3510f88c177f228a121739fc5837216fd655d241e8cc38026053234dd3d962077eaf807bc1ff4e44147db45678bc322deb5e6e2c644fbcb0d8d0f5d37edf3e00ff8bd018229d8588a889d6c081899ea7cd6fa483d089780bc066dc53678d0968ff3a5efc892846f447006bc64f9d35493a089d88230036c1217f228a751af8bfcaf4ac3b784bc01e78a1b181b193cd964e079e077089741622a2305be350ce6b17ccbd7fb7749078c70220cc3dcdbc181a2f0068299d85882842f6c2c2759e79e667d241e219e70008724f356740e31df0e24f44f1a52d0c7ce4ce33f3a483c4338e000870bb173a746ae11f14709f74162222510ab30f76c44f0a4cd32f1d25deb00044d8d5d3ff949e6855bf00608c741622229b78cfe54dbcfef9e77f5d2a1d249eb00044d0c4a90f75b68cc0ebd0e8269d8588c85634beb1605cfbd2330f6c928e122f38072042dcd3cd0b2d15f894177f22a23a289c63c05a3121cfbc563a4abc704807880713f266dd0a8d8500d2a5b31011d996420280093dfa8eaa2e5c57b05c3a4eace32d8030e2643f22a2a03d7db0137ec4c981e1c3021026eedbcd3454632134464b6721228a52af2705526f983fff9e4ae920b18805200c6ebcf18f99be84da37000c95ce424414e556399daeab5e78eab707a483c41a168010bbee16b39dc38f77017497ce42441423b6c181cbb8a36068f12980101a37dd3cdbe1470178f127220aa5b311c0b271531eec271d2496b00084c8c469667fc3c2a7003a4b6721228a41ad0c657d3461ba79a9749058c1021002ee690f8eb0343e04d7f427220a1f85346de10df73473bc749458c075009ae8db452bf42b00d2a4b31011c5012734aeebde77e4cec2f505eba5c3443316802670e7cd9a0c8de78e2d5e41444491a06028856b7bf41b555cb8ae60b5749c68c50210a409d3cc5f0278028aff864444021480d13dfb8edabf695dc11ae930d18817af204c9866fe526b3c0a3e464944244901b8b247bf912585eb0a3e930e136d58001ac99d67de0de02fd239888808c07723017d46966e5a5fb0523a4c346101688409d366dd05e06fd2398888e8040a0a9777ef3bf268e1ba8215d261a2050b40038dcf337f0ee0efd2398888a84e4a0197f7ec3bd2b7695dc1c7d261a2010b40034c986ade0985bf83f7fc8988ecee921e7d46f90bd7b304d48717b47a4c983aeb275ae9c7c17f2bb223a5ca0d431d713a8cb2c40457754a4a726d6a4ab22f3d2dd19f9492e4545a2b5742822f29d199080049498981c404572200a4a6246900a8acaa510050ebf5d5d6d4d43a00a0a6bad6ebf3079c5a295d55551ba8aca871545656baaaaa6b13bd5e7f8a3710c8d0966e06add3a5feaf13d5e3d79e7cf311e91076c68bda194cc8337fa48127c07f2792a07024c1e52c4a4f4b3e929dddbcba75ab2cd5be4d4e52dbb6d9cdd333d29aa7a526663a0c47a264442b10a82dafaa2d3d7aa4e2e8fefd25a57bf61eacd97fa004870e972555545465fa7c81d65aeb66921929aefdc2936f72ded669f0c2761a13f266ddaaa19f04ff8d28dc148ea424276d6fdba6c591ce67b5719c776e87ecdcd659b9c9c98959d2d142a1baaae6f0dea2c3455f7db3fbd0d7dfecd14545879b5555d79ec5624011a09552d316ce9df98c74103be2c5ad0e13f2cce91af83f70af040a35a5ca9ba5276fee7c76bb8aaee7b44bee726ebbb62db29ab547fcfd2cea43878eecfeeaebddfbb66cdd5bbd7dfbbeb4b2b2ca6e5a73496d0a310d3f80719e67ccd7a4a3d84dbcfdd2a9d7f869b3ae51965e0405a774168a011a95e9e9295f76ebdae170dfbe5d9a773bb77d2f874376d8deae2c4b0776ec2cfa6acdfaaf0e6ed9b2d3555c72b41b349a4be7a2985003655cee99fbc052e92076c202701cf734f36268bc0580bfa029688989aec29e3dce2a1a3ea457cb4e1d73cf330cc5321904cbd2fe6d3bf66df964f9c6831b0ab7e57abdfef3a43351543b6a59c6a897e63db0563a885db0001c336eba79be61e143009cd54c8d652525256ce8dde3ec83975e3ca073eb56596749078a45074bcaf62efd78edd6b5ebbe492b2fafeacd513a0ac241188ee19e39bffb523a881db00000704f7fa82bacc0c70072a4b350f4484c70150e1bdabbf8e211fdba65a427b792ce134f8e1cad3cf061c19a2f97afdcd8caebf57795ce43516587c3c0b00573cc7dd241a4c57d01b8eea63fe43a9cbe4f017494ce42f6a780b2f6ed5aaebef6aa8b52cfe99c3b483a0f01df6cdfb7f9f5379797eed8b9bf3727115283686c8413233c4f9b87a5a3488aeb02e0bedd4c43159602e82f9d85ec2d213161d3c517f52db9f4e201fd135c4e5e646ca8b6d65bf9df256bd6147cb42ec7ebf571be009d99c2a749fed41fcc9f7f4fa5741429715b00469aa63367075e0570857416b2af9494a4b513c78facedd7bbcb20c4f1cf4bb459bbeeebc217172fb5aaaaaa7b4a67215b7bbd47275c6b9aa6251d4442dc4ea269b103ff002ffe741ac929891bae1f3faab25fef2e83a5b350e3f5ebdba57bbfbe5d50b865c786173d4b6a4a8f569c0f16383ad5559b76e01100f74a079110973f10e3a7cdfab5d2fa61e91c643f2929496b6fcd1be3ea7c761bbe738c215f6fddb369cebcb7fd9595357da4b390fd68a5a62f9a3b73ae748e488bbb02307edaac6b94d68bc155fee8388661ecbde2b2413b7e78c9f94311873f17f162c5aacdab5ef47cd83a6059eda5b390adf894a52e5b386fe612e920911457bfe8264e7ea89be508ac0090219d856ca3b25fefceab27df78d940a7d3912c1d86c22fe0b7bc2fbff1f18a8f3ed9d08fbb19d2714ae0c060cfd3e637d24122256e0a80fb66330b017c06a0b37416b287e699e92b7ef1d3f19d9a354b6b2d9d8522eff091f2a2bf3fe6d97bb4ac72807416b28dc2041f863cf79c59261d24121cd20122c1ed5ee880f3e04b00064a6721791a28bf7444ff4f7e7ccbd517262525f01d609c4a4e4a4cbb7844bf360e87e393afb7eec90290209d89c4e5041ce8dff2da910b761414c4fc9301715100ba0feaf10f054c92ce41f252539256fde6979354bfbe5dfa218e46c0e8f43a9fdda6c305fdbb1e5cbdf6ab6d3e9f9fa341744eda11646c5a57f0ae7490708bf902e0ce33f314f047e91c242e30e8fcee4b7efed3714353529232a5c390bda4a424655c32b27fcb43878e7cb4afa8a403580ee3dde01e7d46ee2f5c5ff0b97490708ae96ff28979e6600b280077f78b6b4ae1f0941b2edb32a0ffb943a5b390fd7df6f996d5cf2d78bf8bd6ba99741612e5d3c00f17e59b05d241c225660bc0b135fe5701682b9d85e4385dce2dbfbaeb7a57cb96999cfc490d56545cbaf3d1bf2df0f9fcfe73a4b390a8e2801303163f65ee910e120e315900f2f2cca44a602938e92fae35cf4c5f71ffbd37f5e4dafd148cda5a6fe5effffcece6a3472bcf97ce42a2966726e48e9c3dfb369f7490508bc9c5702a817f8317ffb896db2afba3077e3d65002ffe14acc4c484d459bfc9eb9bdb3a7ba574161235f48877ff5fa5438443cc4d029c90674e0730533a07c9e9d42977e93d3f9f30dc611871bbd7058586329471e1909e6db7eed8ffd1e1c3659da4f3909841ddfb8cdc5eb8be60bd7490508aa95b00eebc077b01d60a0029d25948469f5e9d3fb879ea159748e7a0d8337bce1b4b37166e1f219d83c4544261a067ae59281d2454626604c07dbb9906bf7e0f401be92c24e3ecb3db16dc7eebd5174be7a0d834a0dfb99db66d2f5a5a72f86827e92c242201c0c8ce0347e67ff579414ccc07889d39005578021adda463908cdcd659cb7ef6e3b11749e7a0d876fb8cab2f6adf366799740e12d323c987bf4b870895981801989037eb5600f74be720195999199ffee6de9b061a86e23d7f0a2ba5941a32b07bdbcf3edfb2b6bac6cbd1c6f834a07bdf915f16ae2bd8281da4a9a27e0ec0b83cf33c03580d20553a0b455e4242c2a6471ebce52ca7d3c1791f14315e9fbffa37e653bbbcb5beaed259484499a11dfd5f7ce6775ba583344554df0270bbcd0443e179f0e21f9794c2a15fdf73433a2ffe1469092e67f27d77dd90ae8052e92c2422c352811766cc78d2251da429a2ba00a8343c0c8d7ed239488086ffe6a963b665676674908e42f129a745b336d3a68ed9010dbf74161271c111effedf4a87688aa89d03e0ce9bf50300ff420cdcc6a0c61b36b4e7924b46f61f2e9d83e25beb5699b9a547ca97edd977a8a374161231ac5bff916f6f5e5bb04f3a4830a27204c07db39905e87c44697e6a9ab4d4a45513ae1b394a3a071100dc30e192e169a9491ba473900897a131cfedfe5bb274906044e50554fbf1ffc0e7fde39202ca7e71e784964aa9a8fcdea5d8a3945277df3121074a954b6721011add744ad91fa4630423ea7e898e9f665ea9146e92ce4132c68c1eba363bbb19875bc9565ab468d6fab24b2ef8423a07c9500a3f9b306556d48d4a465501b8f1c63f662a8dd9d23948464646da673fbc64009762255b1a73f9a061e9e9a96ba5739008431b7acea44966867490c688aa02e075d53e0620573a0789f0fee4d6ab33a543109dc9ed33aece021013cbc452a375aa7545d72a8151530038f41fdf7a9cd7f1e3dcdcec2ed23988cea46d6e8b8e5dbbb45b219d83642860faf83cf33ae91c0d151505e0d8d0ff93d239488632d4fea9532e1f289d83a821a64f1dd34f2975503a07c950c0bf6e9861b690ced110515100fc89b5ff0067fdc7ad9117f5dd929490902e9d83a821929312d2860febbd453a0789691df0e209e9100d61fb02307e9a79a5d698229d83641886b1f7aad143074be7206a8c6baf1c3ad0305491740e92a101f7f869b3ae91ce511f5b1700f78c479a290bff96ce41722e19d9ff2ba7c388ca4536287e399dcec48b86f6fa463a07c9515a3fe19ef14833e91c6762eb02006fcd3fa0d04e3a06c9300cb56fcc6503874ae7200ac6d5570ebb4029552c9d83c4b451de9a87a4439c896d0bc0f8bc078703982a9d83e40ce877ee16c3e14894ce41140ca7d399d8aff7399c0b10c734f013f794078748e7381d5b1600b7db4c50ca7a12dce8279e558fbd6a782fe910444d71ed35c37b00f04ae72031060ceb3f234dd3291da42eb62c002a15bf844637e91c24a77dbb969fa5a525e748e7206a8ae619a9d96d72b33f97ce41a27ae7ecc09dd221ea62bb02e09e6276d0c06fa47390ac6bc70c6d2e9d812814c65c3e988fb09279fd74d3768fb2dbae00c0c0130052a563901cc3616cefd2a57d6fe91c44a1d0b3fb593d1c86b1573a07894a0f5878543ac4c96c5500c64f33af0430463a07c9eadbabf37670fe07c508a594ead1ade356e91c24ee46bbed18689b02e0769b094ae3afd23948de15970dea249d8128942efbc1a00ed219489e36f4e333663ce992cef11ddb14009d829f0338573a07c94a48707ed93227f36ce91c44a1d4be5d4e27a7d3b1533a0789eb51ea2dba5d3ac4776c51006eb8e50fad94e2c43f02ba7669cf7ba51493ce39bbed2ee90c64077ae6d8290f674ba7006c5200023edf1f01d87ac9448a8c8b86f5ce92ce40140e170debcd275b0800321d0eef03d221001b148089d3ccfe5a71c53f02945247cf39a77d0fe91c44e1d0fdbc8edda050259d83e4298d1f8fcb33cf93ce215e002c0b7fb2430e92d72c2375b3c350b6992043144a86c370a6a7a57e299d836cc165007f910e217ae19d90675e01854b2533907d743baf03df1d514ceb7a6edb72e90c641b63264c3745af7f6205c0ed5ee8d0c09fa5ce4ff6737edf736d313186285cfaf5eec2392ef43fdac223105cf344ac00a8d4cdd301f07e2f7dc777d6596dce910e41144e5d3ab7ed0cc092ce41b631607c9e3951eae42205e0aa19668a869e25716eb22757826babd3e9e012d014d3929212939d2e271f07a4ff51c0efa5160712290089b5f829805c8973933de5b468562c9d812812b233d38ba43390ad743e525b3443e2c4112f00932699194ae1de489f97ec2db765b65f3a035124b46a95e993ce40f6a295fe9dfb76332dd2e78d7801f0b97037004ef6a213b46b97c3c7ff282eb4cfcd714a6720db69a52b11f12582235a006ebcf18f991af85924cf49d1a143db1619d2198822a16dfb96e9d219c87e14704fa44701225a00bc09b5f701e07298748adcdc16ada5331045429bd6d9ada433900d29b450d5ead6489e326205c03dede11c05fc3452e7a3a852969696dc523a04512464364fcb0150239d83ec476b7d4f5e9e9914a9f345ac0028cb7b17003ee645a770b91c0720b81806512429a5e070187cea85ea925ba9704ba44e169102706d9ed95cabc84f70a0e8e07438b90430c51597cb55299d816ccac27da3ef782c3112a78a48017029dc056ef74ba79198e8e27028c59504a7512b9d816c4aa15d6a45695e244e15f60230699299018d3bc27d1e8a5e49492e3e174d71252131c12b9d81ec4b69fd1bb7db4c08f779c25e007c2efc144066b8cf43d12b2929918b00515c494e4c64e9a533e980143539dc27096b01c8cb339334706738cf41d12f3131819ba3505c71253bb57406b239a57f3dd234c3ba6854580b40a5c614007ce695ce486b8b4f00505c51acbc54bfce393bd40de13c41380b8082819f87f1f8142334df0b519cd1fca6a706d1bf45181f910e5b019890675e038d6ee13a3ec50e6df1ed1011511dbabaf3cccbc275f0b015000ddc13ae63536cf1f9fc22db521349a9f5fa1cd219286adc1dae0387e517efc43c733080a1e13836c59ecaaa1aee044871a5a6d6c71d01a9a12e75e73dd82b1c070e4b01e08e7fd418d5d5be88ad7d4d640735d5b5fc9ea786524a5b7785e3c0212f00d74f37db68605ca88f4bb1cbeff7f39721c5151fbfe7a911b4c28dee3c33e43ba686bc0004346e07c0215d6a30cd87008988ce245121f45b0587b4008cbee3b144e8c8ed64444444140f34f48f66cc7832a46fae435a00522b4a6f0417fe2122220ab536476a8bae0ee501435a0094d63f0ee5f1888888e85b5ae9db4379bc90158089d31fec03e082501d8f8888884e70f1c49bcd9ea13a58c80a40c0b27e14aa63111111d1a97400334275ac901480c9931f4d55c08da13816111111d54d0393ddeebf2587e258212900d5ceca1b006484e258444444745acd555af9b5a13850480a80d208f9f389444444742aad75481eb76f72011837f5c11e000686200b111111d56fd4c4a90f756eea419a5c0014acbca61e838888881a4c6904f29a7a9026158091a6e9540a939a1a828888881a4e0379a66936e91adea417b7d8a67e0020b729c7202222a246526857b84d8d68ca219a540094a1a736e5f5444444141ccbd03735e5f54117806bf3cce600ae69cac989888828380a18df943501822e0009c07500b8a7351111918c0c95527655b02f0eba00686062b0af252222a2a6d346f013f1832a00ee690fe740e3e2604f4a44444421a031da7db39915cc4b831c01f08d878233b8d71211115188b8b4a5829a8f175c01d09ac3ff44444436a0a0ddc1bcaed105e0ba9bfe900b60783027232222a210d3b83498db008d2e0086d3373698d7111111515804751ba0d11772a531b6b1af212222a2f009e63640a30ac08d37fe31130a4d5a7a90888888424ce312f78c479a35e6258d2a005e57ed55005c8d0a45444444e196005fede58d7941a30a80521cfe272222b225adaf6ecc9737b8001c5b6ff8878d0e4444444491307ac68c271b3c4adff0118094f28b01a4049388888888c22eb3d4b7bfc18fe937b80068a547079787888888224169347873a0061700055c115c1c2222228a04ad716543bfb6410560e2e487ba01382be844444444147e0ae74c9cfa50e7867c69830a40c0b0f8ee9f8888280a5886d5a009fb0d2a008af7ff898888a283d69735e4cbea2d007979661280614d0e44444444917071431e07acb70054420d0790149248444444146ee9476af70fa9ef8bea2d001afa92d0e4212222a208f9417d5f506f01501a2c0044444451442b8caaef6bce5800aecd339b43a15fe82211111151040c9c3cf9d1d4337dc1190b80cb52a30038421a89888888c2cd556d549e7102ff996f01187a4448e3101111514418c0c87a3e7f4617862e0a111111454a7df3004e5b00ae9efea77468f4097d242222220a3b8df3cf340fe0b4052021503d040acef0a4222222a2b05270d6aaaa81a7fbf4690b8032b8fa1f1111515433f46917043afd1c00cdfbff444444d14c6b34ae00b8dd0b1dd038edb0011111114501852100545d9faab30058c9853da09016d650444444146ed9e3f2ccae757da2ce026028754178f3101111512428a5eabc0d506701504ab30050e468ada52310459282e2f73c458ed603eafa709d05400383c29b86e85b0a28bb35efca5ae91c4491347dea155e28552e9d83e283021a5600dceebf2503e811f644444a95ffe4b6b13bba9edbbebf7414a248ead6b543cfdb6fb97aa786ae92ce4271a1cf48d33c655d9f534700922bfa0270452211c535eb867117af3fb74bbbded24188249cd7b543cf89e32fde0880b70328dc92b3b7a1fbc91f3ca50028c3e2f2bf1476e7f73f6fc990c1ddb9d604c5b50b07f71cd8afcfb91f49e7a0d8a71cea94db00a714000b5cff9fc22b252569dde41b2e1d299d83cdaf4b1f0000200049444154c80ea64efae1f0e494c44dd23928c6d53111f0d411008043b2144e9577df313e4329e5900e42640786a18c9ffde8ba5400d5d2592876d5756d3fa10098a66940b30050f8f4edd57945cb9cccb3a57310d9499b362d3af5e8d66995740e8a693d4ffec0090560d36e9ccd1500295c94c2e11b275cc219ff4475b8e9861ff65550a5d239286665baa7fcbeedf11f38a100e800dffd53f8f4eddb656d527262a6740e223b4a4d49cce8ddebec0dd239288619fe5e27fcf5844faa531f13200a090dffd83117d6b91e35117d6bec35c3bb000848e7a0d8a4b53a618d9f130a80a1715e64e350bcc8cecef8ac79f3b476d23988ec2cab797a6eb3e6e96ba573508c52faf423001a2c00141e4307f7f04967208a0683cf3f8f4b635358a893aef1c6099fd3e0102d85831e747eb72ed22188a2c1e0c1ddbb80ab0352789c7bfc5ffe5700ae9ff6fb767c0280c2c1e9707c939191da463a075134c86e9ed1d2e972ee94ce413129d33dede19ceffef2bf02e0b7fcdd64f250accbca4c3f209d81289a34cf482d96ce40b14959feff8d0218dfff41718896c2a27dbb965ee90c44d1a46d9b9c1ae90c149b2c439f5a0060e8b344d250cc6bd52a9bcbfe1235426eabcc53b66e250a05a5eb28005a830580c2223d2d91db4b1335425a6a320b008587c639dffdf1f8a700b83e3b85454a4a320b005123a4a6a5244867a098d5e9bb3f1c5f003802406191e0729cb2eb24119d9e933f33142e0a1dbffba3010063a73c9c0da09958202222228a849cc9931f4d058e1500a7f277128d4344444411e1454d07e0580150ca6a2f1b8788888822c172043a02c70a80057095362222a238a095fabe00181adca58d8888281e68dd16385600b462012022228a0786462ef0fd63806d05b3101111518468756201e01c002222a2f8d01af8be00e40a06212222a2c8690300c68c194fba00640887212222a2c868e9762f7418a5defdd90094741a2222228a08873fa930dbb02cb4944e424444449163389065180eb4900e4244444491a314b20c65b100101111c5992c431b2a5b3a051111114590852c035a731b602222a23862182adbd040ba74102222228a1c4beb4c03004700888888e28801a41b8a8b00111111c5178d34032c0044444471c502520d2816002222a278a214d20c68a44a07212222a20852dfde024892ce4144444411746c0e4082740e2222228aa8548e00101111c51f970120513a0511111145948b2300444444f1c7c53900444444f127c100e0904e4144444411e532a41310111151c425180094740a2222228a2c16002222a2f8a35900888888e28dfeb600108595cfe70f4867208a2601bf654967a0d86740730480c2eb4879954f3a035134a9aeaee1cf0c85978236a0c077671456e565957ee90c44d1e468397f6628ecb401c02b9d8262dbe1c3152c99448d50b4bf840580c22d6040a3563a05c5b69dbbf673b969a246d87fe0b04b3a03c5bc5a038a2300145e878f94b797ce40144d0e1e3aca9f190ab76a03e00800859765e9761515d5c5d23988a2c191b28a12cbb2da4ae7a09857cb390014096ae9b2f55ba443104583e5cb377e299d81e280fa7604a0463a07c5bee52b37a54867208a062b571772ce0c45420d6f015044949757f5292faf3e289d83c8ce4a4acb8b4b8f54f691ce4171a1c600502e9d82e2826b81e7838dd22188ec6cf12b1f7d096ed14e91c1024091b3b170fb80aaaa9a23d23988eca8aac65bbeb1707b6fe91c141f94c6514329944907a1f8a0818c059e0fd64ae720b2a3f9cfbfbb4e6bdd4c3a07c507ad5066688b05802267dd866d43f6151dde2a9d83c84ef6151ddeb5a970c720e91c143f1470c4d01c01a0c84afac7bf3cd55a6bee764604206059d663ff5a540120413a0bc5118da38601c50240115553ededf9ec8b1f2c95ce416407cf3cfbce2755d5b5dda573507cd10a658605cd49801471ab566f1eb16cf98665d23988247df4c98655ebbed87aa1740e8a435a1d35945225d239282e190b5f2ae8f7cdb67d85d24188247cb169db178b5e2ee809404967a138a4f55103d05c9c856428a43efec44bed366ddef1857414a248fa62d3b62f9eca7ff31c00c9d259283e6903870c68830580c46820e3c9a75f3f67d59a2daba4b31045c207059faf7c6aee9be74183cb63931865a0d8703a1ddca58da4a5cc7ffebfe73ffeefc51f0502964f3a0c5138042ccb3f7bce1b9fbcfac6f241e08c7f9296882235d2349d393b500bc090ce4394929cf885f9bbbcb3921212d2a5b31085ca37dbf67ef99fa75e33bc5e7f17e92c4400aa3df9668a51609a7e681c964e43040055d5b5bdd7addbca3d032826941c292b7ef4ef2f2e7fec89c5e7f0e24f36520c004e00808183d068211a87e898556bb6d40c1ed84d3a0651d076ef39b86dc14b1feedfbdbb780080a1d279884e725c01008a00f0372ed9c28e5d0772a533100563d5ea2fd72c7cf9c3d4da5a7f5700674be721aa93c601e0bbfbfe1a7b44c3101dc7e7f59d5b5151cda75328ea2c5cbc24edd8c59fc8b694c25ee05801d0c06ed938442730d6aeffe66be910448db1efc0e1ddb55edfb9d23988eaa3b5da0d1c2b004a298e0090ad7cbef62baf7406a2c678effdd53ba43310358486febe007cf71722bbd8b9a7a8bd7406a2c6d8b0616b5be90c440da18c6f6ffb7f3b02c03900643301bfd5b9687fc936e91c440db16b77f10e9fdfcf497f14150ccbb113385600fc56024700c876967cbc6ea77406a28678f7fdd5fc1d4ad14227abc0f793005f9ef79b120055a291884eb27ee3b64ce90c44f5d15a63f3961d9da4731035d0c1fc7cb306387ef95f0d0eb792ad5455d5f4aaa8a8e65e15646b9b36edd8e80f04386785a2c5f6effef07d0130c0c7aec86e1ccb3eddb0593a04d199bcf9de8a72e90c440da5f5f7d7fae34700be11494374062b566fe6ae69645b3535deaabd7b0ff595ce41d4500a75140005c51100b29dc325657daa6b7d65d23988eaf2fe9235eba0902c9d83a8c1d4f76ff6bf1f01b0380240b694f2f1b2f5eba44310d565d927eb9b4b67206a0c03c6a9230086c3c10240b6b4f4e37529d219884eb677ffa19d5535deeed239881ac3e1759d3a02b060eefd7bc04701c986ca2baafb1d3d5ab15f3a07d1f15e7aede35dd219881a45e3d0f3cfffbaf4bbbf1a277c0ad812f94444f572bcf7c16a7e6f926dd4d478abb77ebda78f740ea2465138e1a92ae3a44f6f8a6014a2065bb9facb96d21988bef3ce7f57aed14086740ea2c6d0275de34f28005a636364e310358cd7ebedb167dfc1afa4731069adf1f1f28d6da473103596526728000a8a2300645b2fbfb66caf7406a2b55f6c5deff3f9cf92ce41d45827bfc93fa100049c0e8e00906d7db3756f7fafcf5f299d83e2db2b6f7cec97ce40140ca5124e3f02b0f8e9fb7701e0a22b644b5aeb664b96aefb5c3a07c5afe283a57b8f9456f493ce411484039eb9bf3978fc074e9e04a8a1381190ecebc3a59f73e11512f3fc8b1f6cc7a9bf3789a2c129d7f653bf912d70d535b2adea6a6fef5dbb0f7083208ab8f2b2cad26d3bf60f90ce41140ca5b0f6e48fd5d164158758c9d616bdf2d101e90c147f16bc54b011e0baff149db4c69a933f764a01301c6a7564e2100567c7cea281e5153507ebff4aa2d0a8a9f1566d2cdcde5b3a0751b00c0ba75cdb4f2900073a589b00544724115170525e79eda30dd221287ebcf4ea476bb4d6cda4731005a9bcdbd9a76ef8774a0128304d3f802f2212892848abd77ed5cbef0fb0a852d8f902966ff5e75bce95ce41d4046b4cd3b44efe609db35915c07900646b5aeb9cf7977cfe99740e8a7d6fbcf1c967014b73296a8a5a75ddff074e53002cc57900647ffffd60756b00a7b45aa250f17afd3505cbd6f3dd3f45b9ba27f79f660440af0c6f18a2a6f3f9035d3ffbfc2b8e0250d82c7ab960b5d63a473a0751536887feb4ae8fd759003c73cdcd000e873511510878162f49c5b75b59138554758db76ac5aacd3da5731035d18197e698dbeafac4e956b4d200ea6c0c4476525bebedb56efd37bc654521b7c0b3e473005c7992a2dd27a7fbc46997b4d44a9df6454476b2c0f3619274068a2d9595d547d77ef1755fe91c444da5b55a7ebacf9db60018966601a0a8505553dbeb8b4ddbf9e40a85ccfc17dedb00add3a5731035950aa600e8aa8c5500bc61494414620b5e7c9f1bb45048141f2cdd5bb865d740e91c44215053d1ac799d8f00026728001ecfddd540ddcf0e12d94d45554dbfd56bbee41301d464ff79faf57d0012a4731085c0e76f3f7e67ede93e79c6774d4ae1a3d0e7210a8f058b3e6ca6b5e6ba0014b40d85db371d3a74f402e91c44a1a0810fcff4f97a864dd5195f4c64275eafbfebd28fd79df67e17d19968adf5fce7de7548e7200a15c3524bcef8f9337db2daa53f0670dae10322bb79f58d4fda050216e7ae50a3bdf3df552b6a6a7de749e7200a911a5d9dbee24c5f70c602f0fa6cb30ac0190f406427014b777ae3ed4f390a408d5253e3ad7aeffdcf3a4be7200aa14f8ecde53bad7a674e6b9c790881c86e3e5cbaa66775550d57b2a4067b2affcd35dcf0876289aae7fe3fd08002a00cfd4168e2104586d668f1f4fc77d64be7a0e8b073d7816fbefa7acf60e91c44a114920290e9cc5d098d8ad044228a8cafbede3daca8f8f076e91c646f96a5ad7fcd7ed90705a77416a2103a7aa013ea5d22bdde02307bf66d3e18f53709229b49f8f7ec578ba54390bdbdfac6b2153535be6ed23988424ae3bf05a6e9afefcb1ab47a9ad278bbe9898822abf448c5a0e52b0bb9b535d5e96859d5c1828fd7f790ce41146a4a35ec9adda002a02dbcd5b4384432162efab09db7d657299d83ece7f17f2fdeaeb56e269d8328c4b461e09d867c61830a80679eb90b1a1b9b968928f22caddb3e35ff2d2e114c2758be72e3aae283a55cef9f628fc2ba0573cc7d0df9d2066fa0a20c8e025074dab279d7f01d3bf76f91ce41f6505e5e55baf0a582b3a4731085836ec42dfb0617000d830580a29382f389d9af05b4d601e92824efefff5af49565e916d23988c24119612800073b5a9f0038125422226135b5de1eafbfb57c99740e92b564e9dad5870e1d1d249d83282c340ea1bcfba70dfdf206178002d3f46b8d37824b4524ef83256bfa1d39525e249d83641c29ab2879f9f565e748e7200a1b85573d9e090d1ee96c70010000a5d5e2c62722b2070d643cfeefc5dba47350e469adf1f7c716ee04d05c3a0b51b86885571af3f58d2a00a84e7f07001fa9a2a875b0a46ce8fb4bd6f056409c59fceac7cb4a8f54f697ce4114361a15691aef37e6258d2a00c776166ad0f3854476f5fa5bcb7b95941c6dd0633214fdb66edff7cdd265ebf9c81fc5368537f3f3cd9ac6bca4712300dfe26d008a6a5aeb667f7d7c5191d65a4b67a1f0aaa9f156fd73f6ab4e0009d25988c24aa9971bfb92c6178084a43701d436fa754436525151d5ff95d7972d95ce41e1f597c7176e08f8fc9da4731085596d8257377ac9fe461700cfec5f1d051a779f81c88e967cb46e60d1fe124e0a8c516fbcb9fcd3e203a57ce48fe2c1dbcf3d679635f645c1dc0280525810cceb886c26e52f8f7b6afdfe40a3ee9b91fd7db36ddfd7ef2df9bc9f740ea288502aa86b72500520d19ffa32f83400c500afd7d7edb1275ee28e8131e4e8d18ad27ffefbe5740049d2598822a032c99f12d41a3d411580f9f3efa954c0ebc1bc96c86e76ec3a30e2ddf7577d2c9d839acee70ff8fef897e7f75bda6a2d9d8528425e9d3fff9ea0de9007550000406bbc10ec6b89ece6cd7756f4dfbdf720370c8a72fff8d7a2cfaaaa6bbb4be7208a1485e086ff8126140054e11d002541bf9ec85e52fffeb8c765f92daf74100ace2b6f2cfb64f7eee261d2398822a85457ea77837d71d005c0e331bd0a5814eceb89ecc6ef0f74aef5f9caa5735070b67cb92bf8373444d148c1e3f19841bf6969d20f8c36f06c535e4f444444410a18f94d7979930a80678eb90c00ef9b12111145d6579e790fac68ca01423164f64c088e414444440da4a0e60068d272e6a12800f9007c21380e111111d52fe077eae79a7a902617004fbe5904ee104844441429ef2e7ecadcd3d4838464d6ac56eae9501c87888888eaa130371487094901c872b57e0b4051288e45444444a75594e9ca7d3514070a4901983dfb361f14380a40444414464ae3a9d9b36f0bc9bcbb902d9ce180f34968f843753c2222223a816584f0cd76c80ac082b9f7ef8642503b1211111151bdde5c906fee08d5c142bc74a67a22b4c7232222220050c07f4279bc9016004ffeccf7017c19ca63121111117674ef14da47ee43bd798606d4bf437c4c2222a2b8a6b5faa7699a56288f19f2ddb37cd0cf00e08e6a444444a1a051e1573ae44fda85bc00bc926f1e013027d4c72522228a474a61eeb16b6b488565ff6c07f00f3e12484444d46496361cff0ac781c3520016e49b3bb481c5e138361111511c79dd33e77761995c1f960200005ae1d1701d9b8888281e68e01fe13a76d80ac04b73ccd5d05816aee3131111c5b8cf17e59b05e13a78d80a00002885bf86f3f8444444314be191701e3eac056061bef92a343686f31c44444431e8cb1e1dc33b972eac050080d650616d30444444b1462bf5a7502ffc73b2701700a8aa6e0b007c1deef3101111c5048d3daa423f17eed384bd00783c13025ae1cfe13e0f1111514c50ea2f1e8fe90df769c25e00004055601e805d913817111151142b4e0aa43c15891345a400783ca65743fd2512e72222228a565aab3fcf9f7f4f6524ce159102000069d0ff07606fa4ce47444414658a6a1375c476d48d5801c8cf376ba0d41f22753e2222a268a2813fbd3edbac8ad4f92256000020d3d5fa2900db22794e2222a228b05f55663c19c91346b400cc9e7d9b4f29f56024cf494444647b0a0f7b3c775747f294112d0000a02bba3d0b85cd913e2f5143b8125c89d2198828eeecaa48cbfabf489f34e205c0e399105016cc489f97a8012a9d0e234d3a0405c7300c2d9d8128185ae3776f3f7e676da4cf1bf10200000b9f313d00d6489c9be8741c8651269d818297e0728675d954a230d9a0aaba877dd5bfba881400005a03bf103a37519d0c87512e9d818297969ec20240514701bff278260424ce2d5500706c8fe337a5ce4f74b29494c4a3d2192878392d9a39a4331035d2d285f9e65b5227172b00006069e33e0022cd87e8641ddab6ac90ce40c16bdb2627453a035123684b19f74906102d002f3df3c0260dcc91cc40f49d9e3dce4e96ce40c13bbb536e7be90c440da5153c2fcd7d60a56406d102000096df35131a7ce745e2ba9dd7bea374060a5e56667a0bc35087a473103540b56538ef950e215e00163ffbdbfd001e95ce41f1cde13076356f969e2b9d839a263babd956e90c44f5511a7f5dfcf4fd3ba573881700004055c6a300b64bc7a0f8d5ad6b275e386240bf3e5dfcd21988eab137d14a7d443a04609302e0f1dc5d0d4bf1b1401273f90fcf6f279d819a6ed4457d7b0188f8822a440da5b5ba2f52dbfdd6c7160500003cf366be0ce01de91c147f5c4ec7971ddab5ea229d839a2e353529233b2b63bd740ea2d358b1e89999cf4b87f88e6d0a000058c05d00bcd23928be0c19d2b3483a0385cea5a30628e90c4475b00c187702b0cd92d5b62a002fe59b5bb4c663d239287e18862aba76ccb041d2392874060eecde5729552c9d83e8781a98fd62fe03aba4731ccf5605000012fd7808c03ee91c141f465cd8ef4ba7d391249d8342c7e5305c2347f4fd4a3a07d1718a13bc89bf910e7132db1580e79e33cba0f033e91c14fb0c43edbb6acce0c1d23928f4ae1a3d7490c3a1f648e7200200a5d4bdcf3fffeb52e91c27b35d010000cf5c7311145e93ce41b16ddc352376391d8e44e91c147a4e87e11a7dd9e0ddd23988a0b16ce1dc99f3a463d4c5960500000286f34eae1048e1d2b64d8b65c387f5e2bbff1876e9c80183529213374ae7a0b8e6339cf8316c34f1ef78b6dd3d6bf3da0f8f76ef3bcaab147e289d85628b32d49efbef99dcdee9e2bdff58a6945203fa9e1b2858b62e0080ffad29f2141e5938c75c201de3746c3b02000087ced2ff0f0a6ba573504ca9f9f1f4ab4a9392139a4907a1f0cbcc4acfbd66ccb02dd239282e6d49d5f8bd748833b1750128304dbfa530031a5cde9342213071dcc875e79dd7b19774108a9c4b46f61fdcae4d8b4fa473505cb194366ec9cf376ba4839c896d6f017c67f3da827d3dfb8e4c86c270e92c14dd465cd877d9653fb86098740e8abcc1037be4aefcac70754dad8f4b3e53d86985c73df933674be7a88fad4700be539e91350bc026e91c14b5f4e081dd978ebb76f845d2414886c361b8eeffd594f35292133f97ce42316fa74ac66fa5433444d42c993931efc10b2c6d2d8782533a0b4595ea71575fb47ec4457d38e39f505deb2b9bf9fbb9bb6baa6b7b4867a198a49552a317ce9df9ae749086b0fd2d80ef6c5ab784b702a8519452877f74ebd57b2f18d0b59f7416b20797d39138eaa23ecd3615ee5859565ed5413a0fc51605cc5e986ffe3fe91c0d15350500003a5c74ddb2046ff558002da5b390bd6567a67ff6ab5fdc90d1be5dcb4ed259c85e0cc3700e1bd2ab435595f7a39d3b8bda4245c7ad50b2bd6d48c17585ab0aa26643bba8b905f01df7d4070740599f0270496721fb514a158fbff6a2edc387f5e6063f54af8d85dbbf783affadec8065b595ce4251cdd230462eca7fe063e9208d115523000050b87ec9feeefd46f91570897416b2155fe7b35a2fbfefe737b6eddcb96d67e930141d5ae664b61a75515fe7ceddc59f961c2e6b8328fc9d48b6f09745f9339f960ed15851370200006ef74207520b97009c0f40d02d5a34fbecd6e957b5ce6d99d9513a0c45affdc5a53b9f9afbc6fe83078f0c4294fe6e24011a1b2b32b2ce7ffbf13b6ba5a33456d47e935f77f3ef3b3a02fef500b8a25b9c4a4e4a5c3f7df2e5e8dab5431fe92c143b76ec2adafaec0bef95161f3c3a0051fc3b9222a216c0604fbeb94e3a4830a2fa9b7bc234f326ad315f3a074596cbe9d87ecd9517160d1fd66b885251fd2d4c36b667cfa16f9e7df1bd03fbf6970c066f0d509dd4cf3df933a366d6ffc9a2feb7e7f8a9e6f34ae106e91c147e4aa1f8d25103bebce2f2c1431c86c1f5202822382240a7f19627dfbc1236dde9af21a2fe9bf9eae97f4a4fb4aa570338573a0b854d65b7ae1d57e74d193d2039d195261d86e2134704e838c500fa78f2cd22e9204d11f50500f8dfa3819f004894ce4221e5ebd8a1d58a5bf2ae3caf59464a8e7418228045806001ea724ffeccff4a0769aa98280000303e6fd61d0afa31e91c14123a3bb3d9f219b75edd36b765f34ed26188eab26bd781adf35e78b7b4f8e0d1fe88927d55a8e994c29f17ce35ef93ce110a31530000c09d67be04e03ae91c14bca4a4848d79932eb7ba77ebd85b3a0b51437044208e287c9ae9ca1d317bf66d3ee928a1105305e0da3cb3b90b5803e02ce92cd4389cd94fd18e4520e615c372f6f7ccbb7faf74905089b9dfb4ee29e64018f8089c0f101538b39f62cdb7b706fe7bb8f860e900f0d640ac0868ad2e5bf4cccc0fa4838452cc150000704f356740e149e91c74469cd94f318d23023144abfb3dcfccfc83748c508bc9020000e3f3ccd90ab8553a079d8233fb29aeb00844bdb77a74c255a6695ad241422d660bc0e83b1e4b4c2b3ffc118081d259080067f6539ce3ad81a8b4150e0cf43c6d1e960e120e315b0000e0ba9bfe90eb70fa3e07902b9d259e71663fd1f738221025342aa08ca19efc073648470997982e00003061ea83c3b4b23e0490209d25de70663fd1e9b108d89a561ad72f7cc65c281d249ce2e2b7b27b9af953683c2e9d235e28a54a460ceff3e535570e1bc899fd4467c622603f0a98b530df34a573845b5c7cb315ae2bf8ac67df912d015c209d25c65576ebdaf1d35fde757dfbde3dceea6c28c5fb9c44f5c8c848c9ba7068af0ebdba77deb67de7fecde515d56dc13902925eedd109b717141444ed263f0d151723000030d2349d39dbf136142e95ce12837c9d3ab6fee496bc31dd33d2535a4a87218a669c2c286a43ad913cecb539f7954b078984b829000030699299e175e15300dda5b3c48acc6669ab7e74dbd81cceec270a2dde1a88b8a280c33978f1d3f7ef940e12297155000060dc74f36c2380955068219d259a71663f5164b0084444b5015cfc62beb9423a4824c55d010000f734f36268bc0d3e19d0684e9763ebb86b46140d1bdc63987416a278c25b03616329ad262c7c66e64bd241222d2e0b00008ccf33af57c0f388e37f83c6504a950c1fd66bd3d8ab870fe5cc7e22391c11082d05f5ab85f933ff249d43425c5ffcc64f9bf56ba5f5c3d239ec4c2954f4e9d9e5d39baebf644802d7ec27b20d8e08349d06fe6f51be39433a8794b82e0000e09e6a3e0e859f4ae7b0a1efd6ecefda2c8333fb89ec8a230241d278e3e059185b609a7ee928525800dc0b1d482bf44063ac7416bbe0cc7ea2e8c322d0282b9302a997cc9f7f4fa5741049715f000060f2e447536b1c951f0018249d45524a72c2ba69378d565dbb76e8239d858882c35b03f550d80c0317c6ea063f8dc10270ccb579667317b004405fe92c91c635fb89620f4704eab42fe0700e8da767fdcf84bfed8f73fd74b34dc0c232006749678904c35007460defb7e9ca31432ee2cc7ea2d8c41181ff396c3830e2c5a7cd8dd241ec8205e02413a73ed4d952818f11db5b085776ebda7175de94d1039239b39f282ec4f98840a5d2c6650b9f79e013e92076c202508789379b3dad009602c892ce12629cd94f14e7e2b008546be08a45f966817410bb6101380df79407874059ef412116de21ebeccc66cb67dc7a755bceec2722e0db5b03f317fcb7e44071e9f988dd5b033e6835d6f3cccc37a583d8110bc0194c98fae0300deb9d682e014949091ba74ebaccead1ad13d7ec27a253c4f088404003372dca37174807b12b16807a8c9f3aeb12a5f4eb0092a5b33406d7ec27a2c6d8b3a7f89b679e7fef708c8c0858006ef6e49bf9d241ec8c05a001dc79b37e00e8d700244967a90fd7ec27a2a688811101ad95faf1a2b9339f940e62772c000d347eaaf943a5f02aec5b0238b39f8842264a8b002ffe8dc002d00813f2665da5a13d0012a5b31cc7d7a963eb4f6ec91bd33d239d33fb8928b4a2e8d680a595ba65d1dc9973a583440b16804672e7999703580c1bcc09e09afd441429361f11d00ab87d61bef91fe920d18405200813a6cc1aa50dfd3a805489f3a72427ac9b367934ba9edb21ee962d262259361c1108688de98b9e31e7490789362c00419a98f7e00516ac7710c1c582b8663f11d9854d4604bc5098e4996b2e123a7f54e355a409264e33fb5b16de85428b709e8733fb89c8aeb90ca52100000b6549444154048b40ad566ae2a2b9335f8de039630a0b40134d9cfe601fcbb2de01d03ad4c7560a157d7a76f9f4a6eb2f1992c099fd44646311bd35a051a1b4ba7ae1bc994bc27a9e18c7021002c736107a0fc0d9213aa4d5be6dcef2db6eb9a66b467a724e888e49441476bbf61cf87aeefc774a4a4aca06213cd7985258c618cfbc073e0dc3b1e30a0b4088dc70cb1f5af903beb7a1d1af29c7494c706ebe79ea95fef3bab6ef15aa6c444491f6cdd67d8573e6bde5ada8ac0ee564e5fd86618c7e71ce03eb4378ccb8c5021042ee198f3483b7e635001705f1f2eae1437b7f367eec45c395527698594b44d4642b56167eb67071412b7f20d0b1490752d88c002ef7cc337785285adc630108b1d1773c96985676f859288c6fe86b92131336ddf9d3f1c96d73b343750b8188c836fcfe40cdfce7df5db9f68bad430024047188cf9c0918f3c26cf350a8b3c53316803070bb173a746ae13f15f0a37abed4ead5e3ac8f6f9e3ae642c350765b58838828a476ee3af0f53f67bfe2abadf1766ff08b34dea849c4c4d7679b55618c16975800c2c89d37eb1e403f823a67c4aa92c937fc60fb0503ba9e1ff160444442ac80e57f7ade3b9f6ed8b47518ea7b5a4061f6c18ef8498169fa23932ebeb00084997b9a391e1af370dcd2c10909ae2dbffde5a48cccacf43682d18888c47cb169db17739f793b276059b9757cda02d4af3cf9331f8d78b038c2021001ee290f0e8161bd0a20a74576b395bffac58dbd12129c29d2b98888245556d694fef12fcfee282baf3efee9a92aa5d59485cfcc7c492c589ce07de708285cbf644faf3e972ceed3e7ecb37ef69371a39c4e473093608888624a42823379c4457d5beed8b1ff9392c3651d011c8085cb3df3ccf7a5b3c5038e0044d08103473a5b8ec02b007a4a672122b293773f58f5da3b6faff8d9827c7387749678c1021061c5c5c56901c3311768f863824444b14d2f557eff84d6ad5b174b2789272c0002b4d6aaa8a4f45e403f0c7b6ca74944244229cc6e9595f553a5944f3a4bbc610110b4bff8f015cad0cf69a0b9741622a208ab01f46db92d5acc930e12af5800841517177709188e57017493ce42441421bbb5b6ae6b9393b35a3a483ce3f0b3b0962d5b7eedd4d6200dc53dad89280ea802e5f79dcf8bbf3c8e00d884d6dad85f52fa9082fe35f8df8588628f06f49f5b6767ff562915900e43bcd0d8cebe9292cb95d6f30095239d858828448e42e196dcecec45d241e87b2c0036545454d4124ed77c0dfc503a0b115113ad32028e1b5ab56abe553a089d8805c0a6b4d6eac0e1c3776a8d4701b8a4f310113592d6c0e3a5d959f7f450ca2b1d864ec5026073fb0f968e50ca7a4e036da5b31011358c3e08c3989a9b95f5b674123a3d168028b0afacac85f2f9f2a131463a0b11513d3e706a6b724e4ece7ee92074662c0051e2b85b027f06c0cd8488c86efcd0f843eb16590f2aa52ce930543f168028b3ffd0a10b00950fa0bb741622220080c236a5f58dad5bb458291d851a8e0b014599dc162d56d594970d00f49f00f0595a2292a495c26ca765f5e5c53ffa7004208a1595940cd61af900ba4a6721a2b8b35341dfdcba458b0fa4835070380210c55a6767aff05757f53b361ac07b6e441409dfbeebd7562f5efca31b470062c4dec38787294bcf554017e92c4414b3761ad0b7b46ad1e27de920d4741c0188116db3b23e81b7b6af061e03a0a5f310514cf9dfbb7e5efc6307470062d08192921f585a3d01e873a4b31051d4db6528dcd22a3bfbbfd24128b458006294d6da5554527a37a04d0049d2798828eaf835f0844b5bf7e7e4e4944b87a1d063018871070e1ce96c3902ff0270997416faffeddd5d6cdd7501c6f1e7f99deef41468bb734e5bfa3660c411dc128c6e6ae65b94ccc4004b8806332e20449241301862628c2132a397448c98a0287aa1014d3018048c248390400cc14d8c7183a58985ad6bd79d97ffd66d6e9d3dbfc78b6d11cd266bd7f6777acef3b93abd68f3bd68cfff69fb7f315b21885749de37582afd3d758a2d1d0f803671a852df2aea3100a3a95bccac69d5257e6ba8aff833923e97a8c57900b4917abdde7b2aeabb04be0a2097bac7cc9a4604f8a4f21d5f1feee9a9a68eb1e5e101d0860e1ece3e1c42fc31808fa76e31b3d4f426c9fb06cbe5d75397d8f2f20068539272d3f5fa5d12be076028758f992d33a10a72c760b9f83849df56bc0d7900b4b9c9c9c9cb982fdc0fe84100dda97bcc6cc99d16f093d95cd8b1b6583c923ac6d2f100300040a552196e84b043c2ddf0f90166ad48007ecb8edc370757af1e4f1d63e97900d87f99aad5d6037818c24da95bcc6cd1bc2cc56f0cf7f7ff257588350f0f003bafe96a754b14bf0fe286d42d66b6606f837868a85c7e3a7588351f0f00bb20491d53d5ec2ba41e047055ea1e33bb689312be33d457fa854ff0b30bf100b0f775e6b6c2b5db41ee80706dea1e33bba0c3001f993b79e2d1356bd69c4c1d63cdcd03c02eda1e295faad5b6790898351d1ff86dde3c006cdef648f96235bb8bd4b7e15b0b9ba5e403bf2d9807802dd8b92110a887048ca4ee316b23d3007fe003bf5d0a0f00bb64e3e3e3854277f7dd407800d00752f798b5b077003e7c3c2bfe7cdd3acea68eb195cd03c0168da4305dcd6e8ed4d7086c49dd63d63ab81b888f0e96cb4f919c4b5d63adc103c096c464a5f21132f700a0db0174a4ee315b8122a03f04e08757f6f5ed4c1d63adc703c096d454965d8346e35e82f708589dbac76c05384ee2a9468c8f8cf4f7ef4b1d63adcb03c096c57896ad2e34b41dd0fdf0950366e7f32e841f75e6f844a9543a9a3ac65a9f07802d2b491dd3d5ea4d0a613b842fc00f1eb2f61621bc28ea89a172f9f7feffbe2d270f004ba652a90ccf317707a07b015c93bac76c194d02fa153b3a1ef793f92c150f004b4e52385cabdd18c1ed006e05b02a7593d91288025e26f1d3c152e977fe6ddf52f300b0a652a95486e698bb13d23d20d6a6ee315b0413809e54088f0d974afb53c7989de301604d495238543df269b0b10de06d00caa99bcce6a12ee19940fdfaca72f91592317590d9fff200b0a627293795659b837487846d007a5237999dc749402f81fc65bd547a7603793a7590d9ffe301602bcaf8f878a1eb8adecf8bb80dd017015c9ebac9dada29403b013c9d8bf199818181e3a983cc2e960780ad58f57abd7736c65b417e19c28d000aa99bac1d6816e44b927ed3493e5b2e97675217992d840780b58403070e74e5bbba3ed900b706e04b7e3aa12d2e5580f04750cfe581177dd0b756e001602d69aa56db00f1164a5b457c02fe5eb7f9db0be83985f0fc50b1f8279fc867adc66f8ad6f2266ab5d110793383b642f82c7cde809ddf09813b21bdb00af185fefefec9d441664bc903c0da8aa48ea96af543646e0b103f05f033f05505edea9f14de14f55a0076ce64e557d7ade36cea28b3e5e201606dcd83a0adf8806ff61e1e0066ef3136a6cecb7bb38f31a7cf216233804d20fa5277d982d420fc59d46b0ae195e162f10d92ff4a1d65d62c3c00ccde47a552196e20b751d046501b016e86ef4cd86c8e51f85b247613da0d72f760a9b497a4528799352b0f00b37992c4c96af53a22b709d44783b049c40d00ba53b7b5896320feca885d0077cda1b16ba4af6fcc077bb3f9f100305b24ef1e39525c15e30634b09e8cd702d800723d84b5f0cfda426414f622608fc47f50d8cb18f60c0cf4bee34bf2cc2e9ddf94cc9658bd5eef3d1de3f5023e08e07a82d7091805b006c060e2bcd40e019800b05fe03e22be0de0ad3cb9cf37db315b5a1e0066098d8da9b3a7e7e848831a45685c1d80d173e340e255a48601f6a7ee5c1855481e94740008fb094c44600291fb73e2c4cc4cef419f856f968e0780599393c489999962fe948a31375712590c4051628988459145451403518a4037a15540b8e2ec67e7c133373ea2d029e0b2b35fb600a0ebeceb93004e9d7d7d02c499a7d8451cc77fce9a3f26688ec051091903324a5954c842501671e6e35c8cd9e942211be9eecefc677ab3e6f66fe45ce178bb221b210000000049454e44ae426082, b'1'),
(3, 'gabriel', '$2y$10$paQoWB8INM2sOgv0rHVqB.vy0aD1uGibxNa.1dQK4wNrWkbAJhInq', b'0', NULL, b'0'),
(19, 'lucas_eduardo', '123', b'0', NULL, b'1'),
(24, 'gabriel_lucas', '$2y$10$OE7Hmoxe8doLXuMDgfc7zepghfVqadksXCrNzJTQyy.oFttFC0jqO', b'0', NULL, b'1');

--
-- Índices para tabelas despejadas
--

--
-- Índices de tabela `tbchamados`
--
ALTER TABLE `tbchamados`
  ADD PRIMARY KEY (`IDChamado`),
  ADD KEY `status_chamado` (`status_chamado`),
  ADD KEY `autor` (`autor`),
  ADD KEY `equipamento` (`equipamento`),
  ADD KEY `tbchamados_ibfk_5` (`responsavel`);

--
-- Índices de tabela `tbequipamentos`
--
ALTER TABLE `tbequipamentos`
  ADD PRIMARY KEY (`sti_ID`),
  ADD KEY `tipo` (`tipo`),
  ADD KEY `usuario` (`usuario`),
  ADD KEY `setor` (`setor`),
  ADD KEY `secao` (`secao`);

--
-- Índices de tabela `tbligacaochamados_log`
--
ALTER TABLE `tbligacaochamados_log`
  ADD KEY `IDChamado` (`IDChamado`),
  ADD KEY `CodChamado` (`CodChamado`);

--
-- Índices de tabela `tblog_chamado`
--
ALTER TABLE `tblog_chamado`
  ADD PRIMARY KEY (`IDLog`),
  ADD KEY `status` (`status`),
  ADD KEY `responsavel` (`responsavel`),
  ADD KEY `referencia` (`referencia`);

--
-- Índices de tabela `tbpessoa`
--
ALTER TABLE `tbpessoa`
  ADD PRIMARY KEY (`IDPessoa`);

--
-- Índices de tabela `tbsecao`
--
ALTER TABLE `tbsecao`
  ADD PRIMARY KEY (`IDSecao`),
  ADD KEY `setor` (`setor`);

--
-- Índices de tabela `tbsetor`
--
ALTER TABLE `tbsetor`
  ADD PRIMARY KEY (`IDSetor`),
  ADD KEY `tbsetor_ibfk_1` (`gerente`);

--
-- Índices de tabela `tbstatus_chamado`
--
ALTER TABLE `tbstatus_chamado`
  ADD PRIMARY KEY (`IDStatus`);

--
-- Índices de tabela `tbtipo_equipamentos`
--
ALTER TABLE `tbtipo_equipamentos`
  ADD PRIMARY KEY (`IDTipo`);

--
-- Índices de tabela `tbusuario`
--
ALTER TABLE `tbusuario`
  ADD PRIMARY KEY (`IDUsuario`);

--
-- AUTO_INCREMENT para tabelas despejadas
--

--
-- AUTO_INCREMENT de tabela `tbpessoa`
--
ALTER TABLE `tbpessoa`
  MODIFY `IDPessoa` int(11) NOT NULL AUTO_INCREMENT, AUTO_INCREMENT=25;

--
-- Restrições para tabelas despejadas
--

--
-- Restrições para tabelas `tbchamados`
--
ALTER TABLE `tbchamados`
  ADD CONSTRAINT `tbchamados_ibfk_1` FOREIGN KEY (`status_chamado`) REFERENCES `tbstatus_chamado` (`IDStatus`),
  ADD CONSTRAINT `tbchamados_ibfk_3` FOREIGN KEY (`autor`) REFERENCES `tbusuario` (`IDUsuario`),
  ADD CONSTRAINT `tbchamados_ibfk_4` FOREIGN KEY (`equipamento`) REFERENCES `tbequipamentos` (`sti_ID`),
  ADD CONSTRAINT `tbchamados_ibfk_5` FOREIGN KEY (`responsavel`) REFERENCES `tbusuario` (`IDUsuario`);

--
-- Restrições para tabelas `tbequipamentos`
--
ALTER TABLE `tbequipamentos`
  ADD CONSTRAINT `tbequipamentos_ibfk_1` FOREIGN KEY (`tipo`) REFERENCES `tbtipo_equipamentos` (`IDTipo`),
  ADD CONSTRAINT `tbequipamentos_ibfk_2` FOREIGN KEY (`usuario`) REFERENCES `tbpessoa` (`IDPessoa`),
  ADD CONSTRAINT `tbequipamentos_ibfk_3` FOREIGN KEY (`setor`) REFERENCES `tbsetor` (`IDSetor`),
  ADD CONSTRAINT `tbequipamentos_ibfk_4` FOREIGN KEY (`secao`) REFERENCES `tbsecao` (`IDSecao`);

--
-- Restrições para tabelas `tbligacaochamados_log`
--
ALTER TABLE `tbligacaochamados_log`
  ADD CONSTRAINT `tbligacaochamados_log_ibfk_1` FOREIGN KEY (`IDChamado`) REFERENCES `tbchamados` (`IDChamado`),
  ADD CONSTRAINT `tbligacaochamados_log_ibfk_2` FOREIGN KEY (`CodChamado`) REFERENCES `tblog_chamado` (`referencia`);

--
-- Restrições para tabelas `tbsecao`
--
ALTER TABLE `tbsecao`
  ADD CONSTRAINT `tbsecao_ibfk_1` FOREIGN KEY (`IDSecao`) REFERENCES `tbpessoa` (`IDPessoa`),
  ADD CONSTRAINT `tbsecao_ibfk_2` FOREIGN KEY (`setor`) REFERENCES `tbsetor` (`IDSetor`);

--
-- Restrições para tabelas `tbsetor`
--
ALTER TABLE `tbsetor`
  ADD CONSTRAINT `tbsetor_ibfk_1` FOREIGN KEY (`gerente`) REFERENCES `tbpessoa` (`IDPessoa`);

--
-- Restrições para tabelas `tbusuario`
--
ALTER TABLE `tbusuario`
  ADD CONSTRAINT `tbusuario_ibfk_1` FOREIGN KEY (`IDUsuario`) REFERENCES `tbpessoa` (`IDPessoa`);
COMMIT;

/*!40101 SET CHARACTER_SET_CLIENT=@OLD_CHARACTER_SET_CLIENT */;
/*!40101 SET CHARACTER_SET_RESULTS=@OLD_CHARACTER_SET_RESULTS */;
/*!40101 SET COLLATION_CONNECTION=@OLD_COLLATION_CONNECTION */;
